id;firstname;lastname;email;phone;birthday;residance;hire_date;salary;status;total_xp;desired_position;photo;photo_content_type;mobility;driver;seen;summary;external
1;connecting Romania;Manager;Nedra11@gmail.com;898-885-6189;2020-02-25T02:05:39;transition THX;2020-02-25T02:25:04;42273;Hryvnia Mouse User-centric;62030;Optimization National;../fake-data/blob/hipster.png;image/png;Tools;false;true;withdrawal Tonga transmit;true
2;Assistant strategy scalable;Pennsylvania;Anabel72@gmail.com;(114) 516-3938;2020-02-24T16:29:33;Bacon;2020-02-25T01:11:50;64715;Accounts;42315;Creek time-frame;../fake-data/blob/hipster.png;image/png;next-generation;true;true;Awesome District;true
3;Investment Account;Maine cross-platform;Olga.Langworth34@hotmail.com;(638) 058-3768 x52504;2020-02-24T22:53:09;Soap Shoes;2020-02-24T19:11:18;75042;Route evolve;19343;Computer bi-directional cultivate;../fake-data/blob/hipster.png;image/png;AI Kuwait;true;true;feed EXE;true
4;Coves;New Mexico;Kian47@hotmail.com;033-754-9412 x60726;2020-02-24T18:38:18;Visionary Fully-configurable;2020-02-25T01:55:40;23368;Yemeni Rial JSON;96456;metrics;../fake-data/blob/hipster.png;image/png;Licensed Wooden Towels;true;false;multi-byte transmit Soap;true
5;Personal Loan Account Wyoming database;transmit iterate;Kristina75@yahoo.com;(806) 838-5054 x086;2020-02-24T08:43:11;SCSI;2020-02-25T05:45:45;15880;Creative Berkshire;34085;Producer Intelligent;../fake-data/blob/hipster.png;image/png;HTTP;true;false;solid state Point;true
6;open-source;parse collaborative generating;Carlee_Considine4@yahoo.com;573-279-2846;2020-02-24T19:16:41;Legacy multi-byte Specialist;2020-02-25T03:47:48;65044;eyeballs Pakistan;33485;Texas bypassing;../fake-data/blob/hipster.png;image/png;transparent Data;true;false;Roads Plastic Multi-lateral;false
7;maximize;California;Eugene12@hotmail.com;094-473-4129 x10249;2020-02-24T18:41:31;optimizing;2020-02-25T04:25:33;57542;Soft back up Meadow;9208;Rustic Steel Cheese;../fake-data/blob/hipster.png;image/png;feed;true;true;Track olive;true
8;brand;HDD Corporate;Miller78@yahoo.com;(388) 044-5669 x9917;2020-02-25T00:36:05;CFA Franc BEAC;2020-02-25T06:12:16;75849;New Hampshire Intelligent;55609;synthesize;../fake-data/blob/hipster.png;image/png;Customer;false;false;Shirt Buckinghamshire auxiliary;false
9;Malaysian Ringgit Steel payment;calculate online asymmetric;Kiana_Cassin95@hotmail.com;868-982-6726 x2783;2020-02-24T19:35:58;Small synergistic;2020-02-25T07:25:18;33199;European Unit of Account 17(E.U.A.-17) synthesize;10080;Creek Fresh next-generation;../fake-data/blob/hipster.png;image/png;Health withdrawal Executive;false;false;payment Solutions;false
10;bandwidth Music;e-commerce;Chyna19@yahoo.com;141.426.7525 x77889;2020-02-24T16:35:03;Cove Assurance;2020-02-24T10:55:32;17748;Intranet synthesize Metal;60846;Networked;../fake-data/blob/hipster.png;image/png;Auto Loan Account Interactions Mission;false;false;panel Handmade;false
